<annotation>
	<folder>all images</folder>
	<filename>Hello.8d83ff74-b9a9-11ed-b068-3e6f56010ac1.jpg</filename>
	<path>/Users/sanskritinegi/Desktop/Sign-Language-Generation-From-Video-using-YOLOV5/Data/Sign_language_data/all images/Hello.8d83ff74-b9a9-11ed-b068-3e6f56010ac1.jpg</path>
	<source>
		<database>Unknown</database>
	</source>
	<size>
		<width>1920</width>
		<height>1080</height>
		<depth>3</depth>
	</size>
	<segmented>0</segmented>
	<object>
		<name>Hello</name>
		<pose>Unspecified</pose>
		<truncated>1</truncated>
		<difficult>0</difficult>
		<bndbox>
			<xmin>262</xmin>
			<ymin>783</ymin>
			<xmax>794</xmax>
			<ymax>1080</ymax>
		</bndbox>
	</object>
</annotation>
