<annotation>
	<folder>all images</folder>
	<filename>No.cbca9a54-b9a9-11ed-b068-3e6f56010ac1.jpg</filename>
	<path>/Users/sanskritinegi/Desktop/Sign-Language-Generation-From-Video-using-YOLOV5/Data/Sign_language_data/all images/No.cbca9a54-b9a9-11ed-b068-3e6f56010ac1.jpg</path>
	<source>
		<database>Unknown</database>
	</source>
	<size>
		<width>1920</width>
		<height>1080</height>
		<depth>3</depth>
	</size>
	<segmented>0</segmented>
	<object>
		<name>No</name>
		<pose>Unspecified</pose>
		<truncated>0</truncated>
		<difficult>0</difficult>
		<bndbox>
			<xmin>314</xmin>
			<ymin>459</ymin>
			<xmax>1058</xmax>
			<ymax>1011</ymax>
		</bndbox>
	</object>
</annotation>
